{"cameraMode":{"drawMode":0,"name":"Shaded","section":"Shading Mode"},"sceneLighting":true,"audioPlay":false,"sceneViewState":{"m_AlwaysRefresh":false,"showFog":true,"showSkybox":true,"showFlares":true,"showImageEffects":true,"showParticleSystems":true,"showVisualEffectGraphs":true,"m_FxEnabled":true},"in2DMode":false,"pivot":{"x":-153.57228088378907,"y":-91.19613647460938,"z":1084.1907958984375},"rotation":{"x":0.09124569594860077,"y":-0.29314932227134707,"z":0.022735169157385827,"w":0.9528524875640869},"size":229.24205017089845,"orthographic":false}