{"cameraMode":{"drawMode":0,"name":"Shaded","section":"Shading Mode"},"sceneLighting":true,"audioPlay":false,"sceneViewState":{"m_AlwaysRefresh":false,"showFog":true,"showSkybox":true,"showFlares":true,"showImageEffects":true,"showParticleSystems":true,"showVisualEffectGraphs":true,"m_FxEnabled":true},"in2DMode":false,"pivot":{"x":187.6534881591797,"y":30.43096160888672,"z":182.9005889892578},"rotation":{"x":0.31341856718063357,"y":-0.15809766948223115,"z":0.052745625376701358,"w":0.9349943995475769},"size":13.24009895324707,"orthographic":false}