{"cameraMode":{"drawMode":0,"name":"Shaded","section":"Shading Mode"},"sceneLighting":true,"audioPlay":false,"sceneViewState":{"m_AlwaysRefresh":false,"showFog":true,"showSkybox":true,"showFlares":true,"showImageEffects":true,"showParticleSystems":true,"showVisualEffectGraphs":true,"m_FxEnabled":true},"in2DMode":false,"pivot":{"x":177.9663543701172,"y":48.02752685546875,"z":365.35174560546877},"rotation":{"x":-0.017382405698299409,"y":0.9224861860275269,"z":-0.05063610151410103,"w":-0.38489872217178347},"size":8.895224571228028,"orthographic":false}